<annotation>
    <folder>images</folder>
    <filename>b030060.png</filename>
    <path>/home/ondrej/Documents/MaskRCNN/datasets/screw/images/b030060.png</path>
    <source>
        <database>Unknown</database>
    </source>
    <size>
        <width>512</width>
        <height>512</height>
        <depth>3</depth>
    </size>
    <segmented>0</segmented>
    <object>
        <name>screw</name>
        <pose>Unspecified</pose>
        <truncated>0</truncated>
        <difficult>0</difficult>
        <bndbox>
            <xmin>98</xmin>
            <ymin>222</ymin>
            <xmax>296</xmax>
            <ymax>289</ymax>
        </bndbox>
    </object>
</annotation>
