<annotation>
    <folder>images</folder>
    <filename>b300180180.png</filename>
    <path>/home/ondrej/Documents/MaskRCNN/datasets/screw/images/b300180180.png</path>
    <source>
        <database>Unknown</database>
    </source>
    <size>
        <width>512</width>
        <height>512</height>
        <depth>3</depth>
    </size>
    <segmented>0</segmented>
    <object>
        <name>screw</name>
        <pose>Unspecified</pose>
        <truncated>0</truncated>
        <difficult>0</difficult>
        <bndbox>
            <xmin>216</xmin>
            <ymin>215</ymin>
            <xmax>295</xmax>
            <ymax>413</ymax>
        </bndbox>
    </object>
</annotation>
